tool,query,mpi_ranks,omp_threads,repeat,elapsed_seconds,internal_elapsed_seconds,directories,files,bytes_read,matches,errors
find,target,1,1,0,0.003212,0.003212,,,,166,0
grep,distributed_needle,1,1,0,1.088460,1.088460,,,,133,0
pfind_serial,target,1,1,0,0.004981,0.003740,364,1456,0,166,0
pgrep_serial,distributed_needle,1,1,0,1.853010,1.851544,364,1456,3733742592,133,0
pfind_omp,target,1,1,0,0.005721,0.004200,364,1456,0,166,0
pgrep_omp,distributed_needle,1,1,0,1.846929,1.845109,364,1456,3733742592,133,0
pfind_omp,target,1,2,0,0.003828,0.002200,364,1456,0,166,0
pgrep_omp,distributed_needle,1,2,0,0.789107,0.786851,364,1456,3733742592,133,0
pfind_omp,target,1,4,0,0.003358,0.001622,364,1456,0,166,0
pgrep_omp,distributed_needle,1,4,0,0.407798,0.405566,364,1456,3733742592,133,0
pfind_omp,target,1,8,0,0.003360,0.001689,364,1456,0,166,0
pgrep_omp,distributed_needle,1,8,0,0.224719,0.221897,364,1456,3733742592,133,0
pfind_mpi_omp,target,1,1,0,0.305475,0.003746,364,1456,0,166,0
pgrep_mpi_omp,distributed_needle,1,1,0,2.213017,1.916194,364,1456,3733742592,133,0
pfind_mpi_omp,target,1,2,0,0.301025,0.002330,364,1456,0,166,0
pgrep_mpi_omp,distributed_needle,1,2,0,1.063200,0.764755,364,1456,3733742592,133,0
pfind_mpi_omp,target,1,4,0,0.299947,0.002309,364,1456,0,166,0
pgrep_mpi_omp,distributed_needle,1,4,0,1.008460,0.710753,364,1456,3733742592,133,0
pfind_mpi_omp,target,1,8,0,0.304226,0.002295,364,1456,0,166,0
pgrep_mpi_omp,distributed_needle,1,8,0,1.131900,0.831181,364,1456,3733742592,133,0
pfind_mpi_omp,target,2,1,0,0.299499,0.001955,364,1456,0,166,0
pgrep_mpi_omp,distributed_needle,2,1,0,1.355764,1.057778,364,1456,3733742592,133,0
pfind_mpi_omp,target,2,2,0,0.299472,0.001319,364,1456,0,166,0
pgrep_mpi_omp,distributed_needle,2,2,0,0.756187,0.456126,364,1456,3733742592,133,0
pfind_mpi_omp,target,2,4,0,0.299014,0.001548,364,1456,0,166,0
pgrep_mpi_omp,distributed_needle,2,4,0,0.748736,0.449780,364,1456,3733742592,133,0
pfind_mpi_omp,target,2,8,0,0.303239,0.002144,364,1456,0,166,0
pgrep_mpi_omp,distributed_needle,2,8,0,0.717502,0.414708,364,1456,3733742592,133,0
find,target,1,1,1,0.003422,0.003422,,,,166,0
grep,distributed_needle,1,1,1,1.079863,1.079863,,,,133,0
pfind_serial,target,1,1,1,0.005242,0.003947,364,1456,0,166,0
pgrep_serial,distributed_needle,1,1,1,1.811163,1.809476,364,1456,3733742592,133,0
pfind_omp,target,1,1,1,0.005394,0.003915,364,1456,0,166,0
pgrep_omp,distributed_needle,1,1,1,1.836459,1.834937,364,1456,3733742592,133,0
pfind_omp,target,1,2,1,0.003503,0.002179,364,1456,0,166,0
pgrep_omp,distributed_needle,1,2,1,0.742125,0.740414,364,1456,3733742592,133,0
pfind_omp,target,1,4,1,0.002785,0.001421,364,1456,0,166,0
pgrep_omp,distributed_needle,1,4,1,0.387686,0.386019,364,1456,3733742592,133,0
pfind_omp,target,1,8,1,0.002810,0.001384,364,1456,0,166,0
pgrep_omp,distributed_needle,1,8,1,0.241493,0.239127,364,1456,3733742592,133,0
pfind_mpi_omp,target,1,1,1,0.307403,0.003599,364,1456,0,166,0
pgrep_mpi_omp,distributed_needle,1,1,1,2.131479,1.831054,364,1456,3733742592,133,0
pfind_mpi_omp,target,1,2,1,0.298622,0.002163,364,1456,0,166,0
pgrep_mpi_omp,distributed_needle,1,2,1,1.093187,0.794928,364,1456,3733742592,133,0
pfind_mpi_omp,target,1,4,1,0.306311,0.002243,364,1456,0,166,0
pgrep_mpi_omp,distributed_needle,1,4,1,1.155563,0.838042,364,1456,3733742592,133,0
pfind_mpi_omp,target,1,8,1,0.304791,0.002623,364,1456,0,166,0
pgrep_mpi_omp,distributed_needle,1,8,1,1.040283,0.741524,364,1456,3733742592,133,0
pfind_mpi_omp,target,2,1,1,0.303704,0.002115,364,1456,0,166,0
pgrep_mpi_omp,distributed_needle,2,1,1,1.339091,1.039015,364,1456,3733742592,133,0
pfind_mpi_omp,target,2,2,1,0.299003,0.001328,364,1456,0,166,0
pgrep_mpi_omp,distributed_needle,2,2,1,0.764407,0.461811,364,1456,3733742592,133,0
pfind_mpi_omp,target,2,4,1,0.299710,0.001676,364,1456,0,166,0
pgrep_mpi_omp,distributed_needle,2,4,1,0.743909,0.443713,364,1456,3733742592,133,0
pfind_mpi_omp,target,2,8,1,0.304402,0.001939,364,1456,0,166,0
pgrep_mpi_omp,distributed_needle,2,8,1,0.788335,0.487728,364,1456,3733742592,133,0
find,target,1,1,2,0.003282,0.003282,,,,166,0
grep,distributed_needle,1,1,2,1.112540,1.112540,,,,133,0
pfind_serial,target,1,1,2,0.004919,0.003599,364,1456,0,166,0
pgrep_serial,distributed_needle,1,1,2,1.944868,1.943448,364,1456,3733742592,133,0
pfind_omp,target,1,1,2,0.005094,0.003656,364,1456,0,166,0
pgrep_omp,distributed_needle,1,1,2,1.990691,1.989035,364,1456,3733742592,133,0
pfind_omp,target,1,2,2,0.003940,0.002234,364,1456,0,166,0
pgrep_omp,distributed_needle,1,2,2,0.781278,0.779354,364,1456,3733742592,133,0
pfind_omp,target,1,4,2,0.002965,0.001491,364,1456,0,166,0
pgrep_omp,distributed_needle,1,4,2,0.388941,0.386981,364,1456,3733742592,133,0
pfind_omp,target,1,8,2,0.003073,0.001456,364,1456,0,166,0
pgrep_omp,distributed_needle,1,8,2,0.230767,0.228430,364,1456,3733742592,133,0
pfind_mpi_omp,target,1,1,2,0.308274,0.003856,364,1456,0,166,0
pgrep_mpi_omp,distributed_needle,1,1,2,2.163791,1.866098,364,1456,3733742592,133,0
pfind_mpi_omp,target,1,2,2,0.299395,0.002307,364,1456,0,166,0
pgrep_mpi_omp,distributed_needle,1,2,2,1.051646,0.751327,364,1456,3733742592,133,0
pfind_mpi_omp,target,1,4,2,0.304047,0.002520,364,1456,0,166,0
pgrep_mpi_omp,distributed_needle,1,4,2,1.009069,0.709263,364,1456,3733742592,133,0
pfind_mpi_omp,target,1,8,2,0.299046,0.002829,364,1456,0,166,0
pgrep_mpi_omp,distributed_needle,1,8,2,1.044480,0.746016,364,1456,3733742592,133,0
pfind_mpi_omp,target,2,1,2,0.304092,0.002037,364,1456,0,166,0
pgrep_mpi_omp,distributed_needle,2,1,2,1.327991,1.028442,364,1456,3733742592,133,0
pfind_mpi_omp,target,2,2,2,0.298451,0.001337,364,1456,0,166,0
pgrep_mpi_omp,distributed_needle,2,2,2,0.759096,0.454379,364,1456,3733742592,133,0
pfind_mpi_omp,target,2,4,2,0.305463,0.001501,364,1456,0,166,0
pgrep_mpi_omp,distributed_needle,2,4,2,0.747185,0.447364,364,1456,3733742592,133,0
pfind_mpi_omp,target,2,8,2,0.299381,0.001854,364,1456,0,166,0
pgrep_mpi_omp,distributed_needle,2,8,2,0.800487,0.501547,364,1456,3733742592,133,0
